ID,MothersAge,Smoker,Alcohol,Gender,Weight,Gestation
1,30-34,No,No,Male,3827,40
2,30-34,No,No,Male,3629,38
3,35-39,No,No,Female,3062,37
4,20-24,No,No,Female,3430,39
5,25-29,No,No,Male,3827,38
6,35-39,No,No,Female,3119,39
7,20-24,No,No,Female,3260,40
8,20-24,No,No,Male,3969,40
9,20-24,No,No,Male,3175,39
10,25-29,No,No,Female,3005,39
11,25-29,No,No,Male,4054,41
12,20-24,Yes,No,Male,3204,39
13,30-34,No,No,Female,2892,38
14,25-29,No,No,Female,2863,39
15,30-34,No,No,Male,3232,37
16,15-19,No,No,Female,4196,40
17,20-24,No,No,Male,2807,39
18,40-44,No,No,Male,3459,40
19,25-29,No,No,Male,2977,39
20,25-29,No,No,Male,3005,37
21,20-24,No,No,Male,2977,39
22,20-24,No,No,Female,3856,39
23,20-24,No,No,Male,3459,39
24,20-24,No,No,Male,3487,41
25,20-24,No,No,Female,3600,39
26,30-34,No,No,Male,3317,39
27,35-39,No,No,Male,3260,39
28,35-39,No,No,Female,3345,41
29,15-19,No,No,Female,2863,37
30,20-24,No,No,Female,3260,39
31,20-24,No,No,Male,2155,37
32,20-24,Yes,No,Female,3062,37
33,15-19,No,No,Male,3714,40
34,20-24,No,No,Male,3884,39
35,30-34,No,No,Male,3629,40
36,20-24,Yes,No,Male,2948,40
37,20-24,No,No,Female,3062,41
38,15-19,No,No,Male,3827,38
39,30-34,No,No,Male,4253,37
40,40-44,No,No,Female,4111,38
41,35-39,No,No,Male,3686,41
42,30-34,No,No,Female,3459,38
43,25-29,No,No,Female,2778,38
44,30-34,No,No,Male,3119,40
45,30-34,No,No,Female,4111,39
46,15-19,No,No,Female,3147,41
47,30-34,No,No,Male,3827,40
48,20-24,No,No,Female,3345,40
49,35-39,No,No,Male,3147,39
50,20-24,No,No,Female,3232,39
51,20-24,No,No,Female,2920,38
52,25-29,No,No,Male,3033,39
53,20-24,No,No,Female,3884,41
54,30-34,No,No,Female,3884,38
55,20-24,No,No,Male,3430,39
56,40-44,No,No,Male,3629,41
57,25-29,No,No,Male,3941,40
58,25-29,No,No,Female,3487,38
59,30-34,No,No,Female,3657,39
60,30-34,No,No,Female,3147,38
61,30-34,Yes,No,Male,3317,41
62,20-24,No,No,Female,3771,40
63,20-24,Yes,No,Female,4139,40
64,35-39,No,No,Female,3657,40
65,35-39,No,No,Male,3459,39
66,20-24,No,No,Female,3884,38
67,15-19,No,No,Male,3487,39
68,30-34,No,No,Male,2637,38
69,30-34,No,No,Male,4394,41
70,30-34,No,No,Male,4309,40
71,30-34,No,No,Female,3997,39
72,25-29,No,No,Male,3402,39
73,30-34,No,No,Female,3147,40
74,15-19,No,No,Female,3260,40
75,25-29,No,No,Female,3090,40
76,20-24,No,No,Female,2665,39
77,25-29,No,No,Male,3119,39
78,15-19,No,No,Male,3345,38
79,30-34,No,No,Male,4139,42
80,30-34,No,No,Female,3459,39
81,30-34,No,No,Female,3657,40
82,35-39,No,No,Male,3629,39
83,15-19,No,No,Male,3345,37
84,25-29,No,No,Male,3969,38
85,25-29,No,No,Female,4564,39
86,35-39,No,No,Male,3260,38
87,30-34,No,No,Female,4196,41
88,25-29,No,No,Female,3260,39
89,30-34,No,No,Male,3799,39
90,20-24,No,No,Male,2948,37
91,25-29,No,No,Male,2807,38
92,20-24,No,No,Female,3657,39
93,20-24,No,No,Male,4026,40
94,30-34,No,No,Male,3374,39
95,25-29,No,No,Male,3657,39
96,40-44,No,No,Female,3119,38
97,20-24,No,No,Female,3799,38
98,30-34,No,No,Male,3345,40
99,35-39,Yes,No,Female,4338,40
100,20-24,No,No,Male,3459,41
101,20-24,No,No,Male,4139,39
102,20-24,Yes,No,Male,3969,40
103,20-24,No,No,Female,3345,39
104,15-19,No,No,Male,2977,39
105,20-24,No,No,Male,2948,37
106,30-34,No,No,Female,2750,38
107,35-39,No,No,Male,4082,40
108,25-29,No,No,Female,3175,39
109,20-24,No,No,Female,3005,41
110,20-24,Yes,No,Female,2325,38
111,30-34,No,No,Male,3997,39
112,25-29,No,No,Female,2892,38
113,25-29,Yes,No,Male,3515,38
114,20-24,No,No,Male,3714,39
115,20-24,No,No,Male,3402,39
116,30-34,No,No,Male,3260,38
117,30-34,No,No,Female,3742,39
118,30-34,No,No,Female,3941,40
119,15-19,No,No,Female,3204,39
120,20-24,No,No,Male,3941,40
121,30-34,No,No,Female,3856,38
122,20-24,No,No,Female,2523,37
123,20-24,No,No,Male,3600,39
124,30-34,No,No,Female,3402,39
125,40-44,Yes,No,Female,2948,37
126,25-29,No,No,Male,3260,38
127,15-19,No,No,Male,3487,40
128,20-24,No,No,Female,2778,37
129,30-34,No,No,Female,3232,39
130,30-34,No,No,Male,3260,37
131,20-24,No,No,Male,2665,38
132,35-39,No,No,Female,3232,40
133,20-24,No,No,Male,3090,37
134,25-29,No,No,Male,3317,38
135,25-29,No,No,Male,4593,40
136,30-34,No,No,Male,4820,39
137,15-19,No,No,Male,3005,38
138,30-34,No,No,Female,4082,40
139,25-29,No,No,Male,2863,41
140,25-29,No,No,Male,4167,40
141,20-24,No,No,Male,2807,38
142,20-24,No,No,Female,3119,38
143,15-19,No,No,Male,3686,39
144,25-29,No,No,Female,3345,40
145,30-34,No,No,Female,3572,39
146,30-34,No,No,Female,3827,39
147,25-29,No,No,Male,3742,39
148,30-34,No,No,Male,4026,39
149,30-34,No,No,Male,2807,38
150,30-34,No,No,Male,4621,40
151,40-44,No,No,Female,2892,38
152,15-19,No,No,Female,2835,38
153,20-24,No,No,Male,3062,39
154,25-29,Yes,No,Female,2523,39
155,20-24,Yes,No,Female,2920,40
156,20-24,No,No,Male,3402,40
157,20-24,No,No,Female,2835,38
158,20-24,No,No,Male,3487,38
159,30-34,No,No,Male,3374,41
160,25-29,No,No,Female,3600,40
161,20-24,No,No,Male,3912,39
162,30-34,No,No,Female,3714,39
163,25-29,No,No,Female,3459,40
164,35-39,No,No,Male,3260,39
165,20-24,No,No,Male,3799,42
166,20-24,Yes,No,Female,3005,41
167,30-34,No,No,Female,2835,39
168,30-34,No,No,Male,4082,39
169,20-24,No,No,Male,3997,39
170,30-34,No,No,Male,3856,39
171,25-29,No,No,Male,4281,40
172,25-29,No,No,Male,3827,41
173,20-24,No,No,Female,3459,39
174,25-29,No,No,Male,3600,39
175,25-29,No,No,Male,3742,40
176,20-24,Yes,No,Male,2892,38
177,25-29,No,No,Female,3941,40
178,25-29,No,No,Female,3657,40
179,20-24,No,No,Male,3799,40
180,20-24,No,No,Female,4082,40
181,25-29,No,No,Female,3487,39
182,40-44,No,No,Female,4026,40
183,15-19,Yes,No,Female,3459,40
184,20-24,Yes,No,Female,3005,41
185,35-39,No,No,Male,3771,40
186,30-34,No,No,Male,3005,37
187,30-34,No,No,Male,3941,39
188,30-34,No,No,Male,4026,40
189,25-29,No,No,Male,3175,40
190,30-34,No,No,Female,3119,40
191,30-34,No,No,Female,3033,39
192,25-29,No,No,Male,3827,39
193,35-39,No,No,Female,2920,38
194,20-24,No,No,Female,3600,38
195,20-24,No,No,Female,3374,41
196,30-34,Yes,No,Female,3033,40
197,25-29,No,No,Male,4479,41
198,30-34,No,No,Male,4253,40
199,30-34,No,No,Female,3629,39
200,20-24,No,No,Female,3204,40
201,40-44,No,No,Male,3515,41
202,25-29,No,No,Female,3090,38
203,30-34,No,No,Female,3232,38
204,30-34,No,No,Male,3969,41
205,30-34,No,No,Female,3430,37
206,30-34,No,No,Female,3856,40
207,25-29,No,No,Male,4479,41
208,15-19,Yes,No,Male,3175,38
209,30-34,No,No,Female,3459,38
210,30-34,No,No,Male,3317,38
211,15-19,No,No,Male,2977,39
212,30-34,No,No,Female,3969,39
213,35-39,No,No,Male,2948,39
214,20-24,No,No,Female,3175,39
215,20-24,No,No,Female,2835,39
216,25-29,No,No,Female,4366,41
217,30-34,No,No,Female,3175,40
218,30-34,No,No,Female,4338,41
219,20-24,No,No,Female,3629,41
220,25-29,Yes,No,Male,4621,39
221,40-44,No,No,Female,3289,39
222,20-24,No,No,Male,4139,40
223,35-39,No,No,Male,3544,40
224,30-34,No,No,Female,3600,39
225,20-24,No,No,Male,3345,40
226,20-24,No,No,Female,3090,37
227,30-34,No,No,Male,3686,38
228,40-44,No,No,Male,2637,39
229,20-24,No,No,Female,3430,39
230,25-29,No,No,Female,3317,39
231,15-19,No,No,Male,3317,37
232,25-29,No,No,Female,3572,41
233,20-24,No,No,Female,3544,37
234,20-24,No,No,Female,3345,40
235,25-29,No,No,Male,3997,41
236,25-29,No,No,Male,3827,38
237,30-34,No,No,Male,3969,38
238,20-24,No,No,Male,3827,41
239,25-29,Yes,No,Male,3402,39
240,30-34,No,No,Male,2977,37
241,25-29,No,No,Female,3856,40
242,25-29,No,No,Female,3374,40
243,30-34,No,No,Male,3629,40
244,35-39,Yes,No,Female,2580,38
245,15-19,No,No,Male,3629,38
246,25-29,No,No,Male,2552,38
247,15-19,No,No,Female,2977,41
248,20-24,No,No,Male,3033,37
249,15-19,No,No,Female,2977,38
250,20-24,No,No,Male,3147,40
251,20-24,No,No,Male,4224,40
252,25-29,No,No,Female,3572,40
253,20-24,No,No,Male,3317,39
254,30-34,Yes,No,Female,3062,41
255,30-34,No,No,Male,2637,38
256,25-29,Yes,No,Male,2892,40
257,25-29,No,No,Female,2835,39
258,25-29,No,No,Female,2183,37
259,20-24,Yes,No,Female,2948,39
260,20-24,No,No,Female,3090,40
261,25-29,No,No,Female,4338,39
262,25-29,No,No,Male,3629,39
263,25-29,No,No,Female,3572,39
264,20-24,No,No,Female,3345,39
265,35-39,Yes,No,Male,3147,39
266,30-34,No,No,Male,3430,38
267,30-34,No,No,Male,4224,40
268,30-34,No,No,Male,3459,39
269,20-24,No,No,Female,2410,37
270,25-29,No,No,Male,4224,40
271,30-34,No,No,Female,3657,40
272,25-29,No,No,Female,3175,37
273,25-29,No,No,Female,2892,39
274,20-24,No,No,Male,3459,38
275,30-34,No,No,Male,4139,38
276,30-34,No,No,Female,3515,39
277,30-34,No,No,Male,3600,38
278,25-29,No,No,Female,2948,39
279,25-29,No,No,Male,3175,37
280,15-19,No,No,Female,2835,38
281,30-34,No,No,Female,3657,40
282,20-24,No,No,Female,3600,41
283,20-24,Yes,No,Male,3119,39
284,20-24,No,No,Female,3742,41
285,25-29,No,No,Female,3090,38
286,20-24,No,No,Male,4167,38
287,30-34,No,No,Female,3771,40
288,35-39,No,No,Male,4564,39
289,20-24,No,No,Female,3572,41
290,40-44,No,No,Male,3090,38
291,15-19,No,No,Male,3544,40
292,30-34,No,No,Male,3771,39
293,25-29,No,No,Female,3374,39
294,20-24,No,No,Female,3090,40
295,20-24,Yes,No,Female,3119,39
296,20-24,No,No,Female,3033,41
297,25-29,No,No,Female,3912,39
298,35-39,No,No,Female,3515,38
299,20-24,No,No,Female,2807,38
300,25-29,No,No,Female,3629,39
301,20-24,No,No,Female,3204,39
302,25-29,No,No,Male,3600,39
303,20-24,No,No,Female,4253,38
304,30-34,No,No,Female,2892,38
305,30-34,No,No,Male,3515,40
306,25-29,No,No,Female,4224,39
307,20-24,No,No,Male,2807,40
308,20-24,Yes,No,Male,3090,40
309,30-34,No,No,Female,2722,38
310,15-19,No,No,Male,3175,38
311,15-19,No,No,Female,3969,40
312,25-29,No,No,Female,3175,39
313,25-29,No,No,Female,3742,40
314,20-24,No,No,Female,3430,40
315,15-19,No,No,Male,2892,37
316,25-29,No,No,Female,3204,39
317,20-24,No,No,Male,3345,40
318,15-19,Yes,No,Female,3317,39
319,30-34,No,No,Male,3997,40
320,25-29,No,No,Male,3827,40
321,30-34,No,No,Female,2807,37
322,25-29,No,No,Female,3430,38
323,30-34,No,No,Female,4281,39
324,25-29,Yes,No,Male,3147,39
325,25-29,No,No,Male,3090,37
326,30-34,No,No,Male,3289,40
327,20-24,No,No,Female,3402,40
328,20-24,No,No,Female,3459,37
329,25-29,No,No,Male,4621,41
330,30-34,No,No,Male,3430,38
331,35-39,No,No,Female,3544,39
332,20-24,No,No,Male,3260,40
333,35-39,No,No,Female,3090,38
334,25-29,No,No,Female,2948,39
335,30-34,Yes,No,Female,4309,40
336,35-39,No,No,Male,3600,39
337,30-34,No,No,Female,3572,39
338,15-19,No,No,Male,3686,41
339,20-24,No,No,Female,3629,41
340,30-34,No,No,Male,3260,38
341,30-34,No,No,Male,2835,39
342,25-29,Yes,No,Female,3600,39
343,30-34,No,No,Female,3147,37
344,40-44,No,No,Male,3657,39
345,20-24,No,No,Male,3175,38
346,30-34,No,No,Male,3090,39
347,30-34,No,No,Female,3005,40
348,40-44,Yes,No,Female,2353,37
349,20-24,Yes,No,Male,3430,41
350,20-24,No,No,Female,3374,40
351,30-34,No,No,Male,3487,40
352,25-29,No,No,Female,3374,39
353,25-29,No,No,Male,4593,40
354,15-19,No,No,Female,2722,37
355,25-29,No,No,Female,4111,41
356,35-39,No,No,Female,3459,39
357,30-34,No,No,Male,3260,39
358,30-34,No,No,Male,4479,39
359,20-24,No,No,Female,4224,42
360,20-24,Yes,No,Female,3487,40
361,25-29,No,No,Male,3856,38
362,20-24,No,No,Female,3459,37
363,20-24,No,No,Female,3090,37
364,25-29,No,No,Male,3997,40
365,20-24,No,No,Male,3856,39
366,25-29,No,No,Female,4281,41
367,30-34,No,No,Male,2835,37
368,35-39,Yes,No,Female,2750,39
369,25-29,No,No,Female,3062,38
370,30-34,No,No,Female,2750,40
371,25-29,No,No,Male,2750,38
372,20-24,No,No,Female,4026,40
373,35-39,No,No,Male,3402,39
374,20-24,No,No,Male,3714,40
375,25-29,No,No,Female,3119,40
376,20-24,Yes,No,Male,3799,38
377,30-34,No,No,Female,3459,41
378,25-29,Yes,Yes,Male,3232,40
379,35-39,No,No,Female,3345,40
380,20-24,Yes,No,Female,3119,38
381,15-19,No,No,Female,2948,40
382,20-24,No,No,Male,3459,38
383,30-34,No,No,Male,3629,39
384,30-34,No,No,Female,3572,42
385,30-34,No,No,Male,3374,38
386,20-24,No,No,Male,3374,38
387,30-34,No,No,Male,3402,40
388,25-29,No,No,Male,4479,40
389,25-29,No,No,Female,2495,37
390,25-29,No,No,Male,2977,39
391,35-39,No,No,Female,3175,39
392,20-24,No,No,Female,3544,39
393,20-24,No,No,Female,3430,38
394,20-24,No,No,Male,3629,39
395,30-34,No,No,Female,3856,41
396,20-24,No,No,Female,3600,39
397,20-24,No,No,Female,3147,40
398,30-34,No,No,Male,4082,40
399,15-19,Yes,No,Female,2977,38
400,25-29,Yes,No,Female,2211,37
401,25-29,No,No,Female,3714,40
402,35-39,No,No,Female,3799,39
403,30-34,No,No,Female,3686,40
404,20-24,No,No,Female,3232,38
405,25-29,No,No,Female,3856,39
406,15-19,No,No,Male,3204,38
407,15-19,No,No,Male,2466,40
408,20-24,No,No,Female,3204,38
409,30-34,No,No,Female,2523,38
410,35-39,No,No,Female,3799,40
411,20-24,Yes,No,Female,3515,40
412,20-24,No,No,Female,3799,41
413,25-29,No,No,Male,4167,41
414,20-24,No,No,Male,3374,40
415,20-24,Yes,No,Male,3374,40
416,25-29,Yes,No,Female,4649,41
417,25-29,No,No,Female,3402,39
418,15-19,No,No,Female,3430,41
419,25-29,No,No,Male,3459,39
420,15-19,Yes,No,Male,3090,38
421,25-29,No,No,Male,3515,38
422,25-29,No,No,Male,2863,38
423,30-34,No,No,Male,3345,38
424,15-19,No,No,Male,2013,37
425,20-24,No,No,Female,3487,39
426,20-24,No,No,Female,3629,38
427,35-39,No,No,Male,3827,40
428,25-29,No,No,Male,2892,39
429,15-19,No,No,Male,3345,40
430,20-24,No,No,Male,3856,38
431,30-34,No,No,Male,3430,38
432,15-19,No,No,Female,2438,38
433,35-39,No,No,Male,5046,40
434,25-29,No,No,Female,3119,40
435,15-19,No,No,Male,2693,39
436,30-34,No,No,Female,3629,38
437,25-29,No,No,Male,4309,40
438,25-29,No,No,Female,3714,39
439,20-24,No,No,Female,3487,40
440,25-29,No,No,Female,2807,37
441,30-34,No,No,Male,4054,41
442,25-29,No,No,Male,3345,39
443,15-19,No,No,Female,3629,40
444,35-39,No,No,Female,3997,38
445,30-34,No,No,Male,3997,39
446,25-29,Yes,No,Female,2807,40
447,20-24,No,No,Female,3289,39
448,15-19,No,No,Female,3714,38
449,25-29,No,No,Male,3459,39
450,20-24,No,No,Female,3204,39
451,20-24,No,No,Female,3232,39
452,25-29,No,No,Female,2948,39
453,25-29,No,No,Female,4054,39
454,35-39,No,No,Female,4082,39
455,25-29,No,No,Male,3827,41
456,25-29,No,No,Male,3629,39
457,20-24,Yes,No,Male,2296,38
458,30-34,No,No,Female,3402,39
459,20-24,No,No,Male,3629,39
460,20-24,No,No,Female,3175,39
461,35-39,No,No,Female,3175,39
462,20-24,No,No,Female,2637,40
463,20-24,No,No,Female,3345,40
464,20-24,No,No,Female,3147,41
465,30-34,No,No,Male,3090,39
466,25-29,No,No,Female,3544,40
467,under 15,No,No,Female,2948,41
468,35-39,No,No,Male,2381,39
469,35-39,No,No,Female,3232,39
470,35-39,No,No,Female,4479,38
471,20-24,No,No,Female,3289,38
472,25-29,No,No,Female,3062,41
473,30-34,No,No,Female,3430,40
474,30-34,No,No,Male,3402,39
475,20-24,Yes,No,Male,2835,38
476,35-39,No,No,Male,3374,39
477,25-29,No,No,Male,3260,39
478,25-29,No,No,Male,3402,39
479,30-34,No,No,Male,2325,37
480,25-29,No,No,Female,2835,39
481,25-29,No,No,Female,2835,38
482,20-24,No,No,Female,2863,37
483,25-29,Yes,No,Female,3657,39
484,20-24,No,No,Female,3459,39
485,30-34,No,No,Male,3629,40
486,30-34,No,No,Female,3799,39
487,15-19,Yes,No,Male,3147,39
488,15-19,No,No,Female,3260,38
489,35-39,No,No,Male,4281,40
490,30-34,No,No,Female,3317,40
491,20-24,No,No,Female,3175,40
492,25-29,No,No,Female,2948,39
493,20-24,No,No,Female,4196,37
494,25-29,No,No,Female,3544,40
495,20-24,No,No,Female,3175,39
496,15-19,No,No,Female,2977,38
497,40-44,No,No,Female,2948,38
498,30-34,No,No,Female,3941,39
499,20-24,No,No,Female,4054,40
500,25-29,No,No,Male,3544,39
501,20-24,No,No,Female,4338,39
502,30-34,Yes,No,Female,3345,38
503,35-39,No,No,Male,3175,39
504,20-24,No,No,Female,3515,39
505,35-39,No,No,Male,3374,39
506,30-34,No,No,Female,3119,39
507,25-29,No,No,Female,3544,40
508,30-34,Yes,No,Male,2778,38
509,25-29,No,No,Female,4366,39
510,25-29,No,No,Male,3289,39
511,25-29,No,No,Male,3742,41
512,25-29,No,No,Male,3402,39
513,25-29,No,No,Male,3374,38
514,25-29,No,No,Female,2948,39
515,30-34,No,No,Female,3147,39
516,30-34,No,No,Female,3572,38
517,25-29,No,No,Male,3742,40
518,20-24,No,No,Male,4196,39
519,20-24,No,No,Female,3544,39
520,20-24,No,No,Female,3317,38
521,20-24,No,No,Female,3430,42
522,30-34,No,No,Male,3260,39
523,20-24,Yes,No,Male,3317,38
524,20-24,Yes,No,Male,3799,40
525,30-34,No,No,Female,2637,38
526,30-34,No,No,Female,3175,39
527,25-29,No,No,Female,3487,40
528,30-34,No,No,Female,3232,38
529,25-29,No,No,Female,3147,39
530,40-44,No,No,Female,4281,39
531,35-39,No,No,Male,3714,40
532,35-39,No,No,Male,2750,37
533,25-29,No,No,Male,3714,39
534,20-24,No,No,Male,2863,38
535,40-44,No,No,Female,3544,40
536,15-19,No,No,Male,2977,39
537,35-39,Yes,No,Male,3033,37
538,35-39,No,No,Male,4026,38
539,25-29,No,No,Male,3515,39
540,30-34,No,No,Male,4621,37
541,25-29,No,No,Female,3629,40
542,15-19,No,No,Female,3090,38
543,25-29,Yes,No,Female,3515,39
544,15-19,No,No,Female,3345,39
545,20-24,No,No,Male,3147,40
546,20-24,No,No,Female,4054,39
547,25-29,No,No,Female,4054,40
548,20-24,No,No,Female,3544,40
549,20-24,Yes,No,Female,3005,38
550,20-24,No,No,Female,4026,40
551,20-24,No,No,Female,3771,41
552,15-19,No,No,Female,3600,40
553,30-34,No,No,Female,3657,39
554,20-24,No,No,Male,3629,40
555,25-29,Yes,No,Female,4309,41
556,30-34,Yes,No,Female,3232,38
557,25-29,No,No,Male,3686,39
558,30-34,No,No,Male,3572,37
559,35-39,No,No,Male,3374,40
560,20-24,Yes,No,Male,3771,41
561,20-24,No,No,Male,3827,41
562,25-29,No,No,Male,3657,38
563,15-19,No,No,Female,2835,40
564,30-34,No,No,Male,2523,37
565,15-19,No,No,Female,4281,39
566,20-24,No,No,Female,3402,38
567,25-29,Yes,Yes,Male,2920,38
568,30-34,No,No,Female,3827,41
569,25-29,No,No,Female,2410,39
570,30-34,No,No,Female,3345,37
571,30-34,No,No,Male,2495,38
572,30-34,No,No,Female,3289,40
573,25-29,No,No,Female,3544,38
574,35-39,No,No,Female,4479,38
575,25-29,No,No,Female,3374,40
576,25-29,No,No,Female,3345,41
577,20-24,No,No,Male,3600,40
578,30-34,No,No,Male,3544,39
579,15-19,No,No,Male,3345,38
580,30-34,No,No,Male,3317,39
581,35-39,No,No,Female,3430,38
582,25-29,No,No,Male,3912,40
583,15-19,No,No,Female,2750,38
584,20-24,No,No,Female,2835,39
585,35-39,No,No,Female,3629,42
586,20-24,Yes,No,Female,2892,38
587,20-24,No,No,Female,2608,41
588,25-29,No,No,Female,3686,38
589,20-24,No,No,Male,2750,41
590,20-24,Yes,No,Female,3544,40
591,35-39,No,No,Female,3005,38
592,20-24,No,No,Female,3119,40
593,25-29,No,No,Female,3714,41
594,15-19,No,No,Male,4026,41
595,25-29,No,No,Female,4054,41
596,35-39,No,No,Male,2778,37
597,30-34,No,No,Female,2948,38
598,15-19,No,No,Female,3771,41
599,20-24,No,No,Male,3430,38
600,20-24,Yes,No,Male,2750,38
601,25-29,No,No,Female,3941,41
602,35-39,No,No,Female,2892,38
603,30-34,No,No,Female,3260,38
604,20-24,No,No,Female,3515,39
605,25-29,No,No,Female,2637,38
606,15-19,No,No,Female,3345,38
607,25-29,No,No,Male,4536,40
608,20-24,No,No,Male,3402,38
609,20-24,No,No,Female,2495,38
610,30-34,No,No,Female,2948,39
611,25-29,No,No,Male,3204,38
612,15-19,No,No,Male,3317,40
613,30-34,No,No,Male,3572,40
614,20-24,No,No,Male,2892,39
615,25-29,No,No,Female,3119,38
616,35-39,No,No,Male,3005,38
617,25-29,No,No,Female,3629,38
618,20-24,No,No,Female,4876,40
619,25-29,No,No,Male,3657,41
620,25-29,No,No,Male,3345,38
621,25-29,No,No,Female,3402,40
622,15-19,No,No,Female,3374,39
623,35-39,No,No,Female,4479,41
624,20-24,No,No,Male,4423,39
625,30-34,No,No,Male,3289,39
626,35-39,No,No,Male,4139,40
627,40-44,No,No,Male,4139,40
628,30-34,No,No,Male,3657,37
629,25-29,No,No,Female,2892,38
630,35-39,No,No,Female,3657,40
631,15-19,No,No,Female,3289,40
632,30-34,No,No,Female,3289,37
633,20-24,Yes,No,Female,3487,39
634,25-29,No,No,Female,3033,38
635,30-34,No,No,Male,3657,40
636,25-29,No,No,Male,3572,40
637,20-24,No,No,Female,3147,40
638,30-34,No,No,Male,4706,41
639,30-34,No,No,Female,2863,37
640,25-29,No,No,Female,2580,37
641,20-24,No,No,Female,2778,39
642,30-34,No,No,Female,2948,39
643,30-34,Yes,No,Female,4082,39
644,30-34,No,No,Female,3941,40
645,15-19,No,No,Female,3515,40
646,30-34,No,No,Male,3600,37
647,15-19,No,No,Female,3345,40
648,20-24,Yes,No,Female,3232,38
649,35-39,No,No,Female,3856,40
650,30-34,No,No,Male,3572,40
651,30-34,No,No,Female,3544,37
652,25-29,No,No,Female,3430,38
653,35-39,No,No,Male,4224,39
654,15-19,No,No,Female,3402,40
655,35-39,No,No,Female,2778,38
656,30-34,No,No,Male,3487,38
657,25-29,No,No,Male,3600,39
658,25-29,No,No,Female,3771,40
659,25-29,No,No,Female,3260,40
660,20-24,No,No,Male,3033,39
661,15-19,No,No,Male,2410,38
662,25-29,No,No,Male,3771,37
663,20-24,No,No,Female,3600,38
664,30-34,No,No,Female,3289,39
665,25-29,Yes,No,Female,3345,38
666,20-24,No,No,Male,3629,42
667,25-29,No,No,Male,3402,39
668,35-39,No,No,Female,2920,40
669,35-39,No,No,Male,4054,41
670,15-19,No,No,Male,3289,39
671,25-29,No,No,Male,4082,39
672,20-24,No,No,Female,3544,40
673,30-34,No,No,Male,3515,38
674,20-24,No,No,Male,3884,41
675,25-29,No,No,Female,3147,38
676,25-29,No,No,Male,3884,40
677,30-34,No,No,Female,3345,39
678,30-34,Yes,No,Male,3005,39
679,25-29,No,No,Female,2722,42
680,20-24,No,No,Male,3260,38
681,35-39,No,No,Female,3771,39
682,25-29,No,No,Female,2637,38
683,30-34,No,No,Female,2722,38
684,35-39,No,No,Female,3515,38
685,25-29,No,No,Female,4082,40
686,20-24,No,No,Male,4224,40
687,30-34,Yes,No,Female,3600,37
688,15-19,No,No,Female,3402,39
689,35-39,No,No,Male,3714,39
690,25-29,No,No,Male,3487,41
691,25-29,No,No,Male,3289,38
692,25-29,No,No,Male,3686,39
693,30-34,No,No,Female,2863,38
694,15-19,No,No,Female,3742,40
695,25-29,No,No,Male,4196,41
696,35-39,No,No,Male,2892,40
697,30-34,No,No,Male,3459,40
698,20-24,No,No,Male,3714,40
699,25-29,No,No,Male,3600,40
700,20-24,No,No,Male,3147,37
701,25-29,No,No,Male,4593,38
702,15-19,No,No,Male,3033,40
703,45-49,No,No,Male,3260,40
704,20-24,No,No,Female,3374,39
705,25-29,No,No,Male,3572,38
706,35-39,Yes,No,Female,3856,41
707,35-39,No,No,Female,3147,37
708,20-24,Yes,No,Male,2835,38
709,30-34,No,No,Male,3657,39
710,30-34,No,No,Male,3345,39
711,25-29,No,No,Female,3856,40
712,25-29,Yes,No,Female,2892,39
713,15-19,No,No,Female,3657,41
714,25-29,No,No,Male,3799,39
715,20-24,No,No,Female,4139,42
716,30-34,No,No,Male,3430,39
717,20-24,No,No,Female,2977,40
718,20-24,No,No,Female,4082,39
719,25-29,No,No,Female,3771,38
720,30-34,No,No,Male,3771,38
721,25-29,No,No,Male,3033,40
722,20-24,No,No,Male,3345,39
723,30-34,No,No,Male,3374,41
724,25-29,No,No,Female,3459,38
725,25-29,No,No,Male,3515,39
726,20-24,Yes,No,Male,2778,37
727,25-29,No,No,Male,3430,40
728,20-24,No,No,Female,3827,41
729,15-19,No,No,Male,3232,39
730,25-29,No,No,Male,3232,38
731,25-29,No,No,Male,3799,40
732,25-29,No,No,Male,3827,39
733,20-24,No,No,Female,3317,39
734,20-24,No,No,Male,3119,37
735,30-34,No,No,Male,2240,37
736,25-29,No,No,Male,3544,38
737,15-19,Yes,No,Female,2863,39
738,25-29,No,No,Male,3430,39
739,30-34,No,No,Male,2835,40
740,20-24,No,No,Male,3487,38
741,25-29,No,No,Female,3686,41
742,30-34,No,No,Male,3459,38
743,20-24,Yes,No,Male,3119,40
744,25-29,No,No,Male,3515,39
745,15-19,Yes,No,Female,2410,39
746,20-24,No,No,Male,3827,39
747,30-34,No,No,Male,3686,39
748,30-34,No,No,Male,3969,40
749,25-29,No,No,Female,3345,41
750,20-24,No,No,Female,3856,40
751,15-19,No,No,Female,3827,41
752,15-19,No,No,Female,2977,38
753,20-24,No,No,Female,3600,38
754,30-34,No,No,Male,3629,39
755,15-19,Yes,No,Male,3345,38
756,20-24,No,No,Female,3912,39
757,25-29,No,No,Male,3544,39
758,20-24,No,No,Female,3005,38
759,25-29,No,No,Female,2750,39
760,30-34,No,No,Female,3119,40
761,20-24,No,No,Female,3771,37
762,30-34,No,No,Female,3941,41
763,20-24,No,No,Male,3997,39
764,25-29,No,No,Female,3090,38
765,20-24,No,No,Male,4111,39
766,25-29,No,No,Male,3260,41
767,25-29,No,No,Female,3799,41
768,15-19,No,No,Male,2608,37
769,15-19,No,No,Female,3232,38
770,35-39,No,No,Female,3402,38
771,30-34,Yes,No,Female,1928,37
772,20-24,No,No,Female,3033,37
773,15-19,No,No,Male,3742,40
774,30-34,No,No,Female,3771,40
775,15-19,No,No,Male,4139,40
776,35-39,No,No,Male,4933,39
777,20-24,Yes,No,Male,3119,40
778,15-19,No,No,Female,2580,38
779,25-29,No,No,Female,2920,40
780,30-34,No,No,Male,4224,40
781,20-24,Yes,No,Male,2948,39
782,15-19,No,No,Female,3515,40
783,20-24,No,No,Female,3742,40
784,20-24,No,No,Male,3799,40
785,30-34,No,No,Male,3430,39
786,20-24,No,No,Female,3657,40
787,15-19,No,No,Female,2920,39
788,30-34,No,No,Female,3317,40
789,25-29,No,No,Female,3657,40
790,25-29,Yes,No,Female,3062,38
791,35-39,No,No,Male,2807,38
792,20-24,No,No,Male,3856,39
793,25-29,No,No,Female,3090,41
794,20-24,No,No,Male,3005,38
795,30-34,No,No,Female,3997,37
796,20-24,No,No,Male,3345,38
797,15-19,No,No,Male,3544,40
798,25-29,No,No,Female,3856,39
799,30-34,No,No,Female,3572,38
800,25-29,No,No,Male,3714,38
801,20-24,Yes,No,Female,3884,41
802,30-34,No,No,Male,3402,39
803,20-24,Yes,No,Female,3799,40
804,40-44,No,No,Female,5131,38
805,25-29,Yes,Yes,Female,4281,39
806,25-29,No,No,Male,3062,41
807,30-34,Yes,No,Male,3374,38
808,40-44,No,No,Female,3232,40
809,25-29,No,No,Male,4253,38
810,25-29,No,No,Male,3487,39
811,25-29,No,No,Female,3033,40
812,20-24,Yes,No,Female,4082,40
813,15-19,No,No,Male,3629,41
814,15-19,No,No,Female,2835,39
815,20-24,No,No,Male,2835,37
816,30-34,No,No,Female,2948,39
817,25-29,Yes,No,Male,2778,39
818,20-24,Yes,No,Female,3033,40
819,20-24,No,No,Female,3827,38
820,25-29,No,No,Male,4423,40
821,20-24,No,No,Male,3260,39
822,15-19,No,No,Male,3941,38
823,20-24,No,No,Female,3629,40
824,25-29,Yes,No,Male,3969,40
825,15-19,No,No,Female,3827,39
826,25-29,No,No,Female,3033,40
827,20-24,No,No,Female,3827,38
828,35-39,No,No,Female,4082,40
829,15-19,No,No,Female,3204,41
830,20-24,No,No,Female,3969,38
831,20-24,No,No,Female,2920,38
832,15-19,No,No,Female,3204,37
833,20-24,No,No,Male,3771,40
834,15-19,No,No,Male,3289,41
835,25-29,No,No,Male,3827,39
836,20-24,No,No,Male,3232,39
837,35-39,No,No,Female,3827,41
838,15-19,No,No,Male,2750,40
839,25-29,Yes,No,Female,3742,39
840,25-29,No,No,Male,3544,39
841,30-34,No,No,Female,3686,39
842,25-29,No,No,Female,3289,39
843,35-39,Yes,No,Male,3600,38
844,20-24,Yes,No,Female,3430,39
845,15-19,No,No,Female,3119,38
846,20-24,No,No,Male,4564,39
847,30-34,No,No,Male,4309,39
848,20-24,No,No,Male,2807,39
849,25-29,No,No,Male,3374,39
850,20-24,No,No,Female,3487,40
851,30-34,No,No,Female,4167,41
852,35-39,Yes,No,Female,3033,39
853,25-29,No,No,Male,3827,39
854,25-29,No,No,Male,3090,39
855,25-29,No,No,Male,3317,38
856,15-19,No,No,Female,3799,40
857,25-29,Yes,No,Female,3912,39
858,20-24,No,No,Male,3856,38
859,25-29,Yes,No,Male,3742,39
860,30-34,No,No,Male,3799,41
861,25-29,No,No,Male,3686,38
862,40-44,No,No,Male,3430,40
863,30-34,No,No,Female,2722,37
864,25-29,No,No,Female,3742,38
865,15-19,No,No,Male,3147,40
866,25-29,No,No,Female,4196,39
867,35-39,No,No,Male,3374,40
868,20-24,No,No,Male,4139,41
869,25-29,Yes,No,Male,3345,37
870,20-24,No,No,Male,3941,41
871,35-39,No,No,Male,3119,40
872,15-19,No,No,Male,3232,40
873,25-29,No,No,Male,2977,40
874,15-19,No,No,Male,3062,40
875,30-34,No,No,Male,4536,40
876,25-29,No,No,Male,3430,39
877,30-34,No,No,Male,4054,39
878,30-34,No,No,Male,4196,40
879,25-29,No,No,Male,3487,37
880,20-24,No,No,Female,2948,39
881,25-29,No,No,Female,2211,37
882,30-34,No,No,Female,3147,39
883,20-24,No,No,Female,3175,38
884,30-34,No,No,Male,3487,38
885,25-29,No,No,Female,3572,38
886,25-29,No,No,Male,3289,40
887,25-29,No,No,Male,2920,39
888,25-29,Yes,No,Female,2155,39
889,20-24,No,No,Male,3402,37
890,30-34,No,No,Female,3686,40
891,30-34,No,No,Male,3090,39
892,35-39,No,No,Male,3884,39
893,20-24,No,No,Male,3572,39
894,20-24,No,No,Male,3175,38
895,under 15,No,No,Male,3260,39
896,25-29,No,No,Male,3317,39
897,15-19,No,No,Male,3544,39
898,25-29,No,No,Female,2920,37
899,25-29,No,No,Male,3033,40
900,30-34,Yes,No,Female,3317,37
901,30-34,No,No,Female,3459,39
902,15-19,No,No,Male,3005,41
903,25-29,No,No,Female,3232,40
904,25-29,No,No,Male,3090,39
905,20-24,No,No,Female,3487,38
906,25-29,No,No,Female,3856,40
907,20-24,No,No,Female,3090,37
908,25-29,Yes,No,Female,3515,38
909,30-34,No,No,Female,3827,41
910,15-19,No,No,Female,2750,39
911,35-39,No,No,Male,3430,40
912,20-24,No,No,Male,3941,39
913,25-29,No,No,Male,3033,39
914,15-19,No,No,Male,3232,39
915,20-24,No,No,Male,3260,39
916,20-24,No,No,Male,3204,38
917,25-29,No,No,Male,4111,39
918,25-29,No,No,Female,3260,38
919,20-24,Yes,No,Female,2665,38
920,25-29,No,No,Female,3827,41
921,15-19,Yes,No,Female,3459,39
922,35-39,No,No,Female,3827,40
923,15-19,No,No,Male,3714,40
924,20-24,No,No,Male,3714,39
925,25-29,No,No,Female,3033,40
926,15-19,No,No,Female,3204,38
927,35-39,No,Yes,Female,2948,37
928,35-39,No,No,Male,3459,38
929,15-19,No,No,Female,3487,40
930,15-19,No,No,Female,3374,40
931,25-29,No,No,Male,2863,37
932,20-24,No,No,Female,3487,39
933,20-24,No,No,Male,3062,40
934,30-34,No,No,Male,3912,41
935,25-29,No,No,Female,2750,38
936,30-34,No,No,Female,3544,40
937,30-34,No,No,Female,3090,39
938,20-24,No,No,Male,3515,38
939,20-24,Yes,No,Male,3487,39
940,25-29,No,No,Male,3005,39
941,25-29,No,No,Female,3487,41
942,30-34,No,No,Male,3430,39
943,15-19,No,No,Male,3544,42
944,20-24,Yes,No,Male,2637,37
945,30-34,No,No,Male,4111,41
946,25-29,No,No,Male,3487,38
947,20-24,No,No,Male,3515,40
948,35-39,Yes,No,Female,3033,40
949,15-19,Yes,No,Female,2580,37
950,20-24,No,No,Female,4791,41
951,15-19,No,No,Male,3062,38
952,25-29,No,No,Male,3204,38
953,30-34,No,No,Female,3912,38
954,25-29,No,No,Female,2977,40
955,20-24,No,No,Female,4253,40
956,35-39,No,No,Male,4451,39
957,30-34,No,No,Male,3657,39
958,25-29,No,No,Female,3629,39
959,20-24,No,No,Female,3544,40
960,25-29,Yes,No,Female,3572,39
961,30-34,No,No,Male,3771,40
962,20-24,No,No,Female,3742,40
963,20-24,No,No,Male,3657,40
964,20-24,Yes,No,Male,3204,40
965,35-39,No,No,Male,2948,40
966,25-29,No,No,Female,3119,37
967,20-24,No,No,Female,3402,39
968,25-29,No,No,Female,3317,40
969,25-29,No,No,Male,3232,40
970,25-29,No,No,Female,4564,39
971,35-39,No,No,Female,3572,40
972,20-24,No,No,Male,3544,39
973,25-29,No,No,Male,3487,39
974,15-19,No,No,Male,3289,40
975,35-39,No,No,Male,4196,40
976,30-34,No,No,Female,3033,40
977,30-34,No,No,Male,2920,39
978,25-29,No,No,Male,3572,39
979,25-29,No,No,Female,3090,40
980,35-39,No,No,Female,4196,39
981,30-34,No,No,Male,4366,40
982,20-24,Yes,No,Male,3714,39
983,35-39,No,No,Female,3941,39
984,30-34,No,No,Female,4366,39
985,25-29,No,No,Female,3742,40
986,25-29,No,No,Female,2892,39
987,25-29,No,No,Male,2863,40
988,20-24,No,No,Female,3175,40
989,20-24,No,No,Male,3969,41
990,35-39,No,No,Female,3345,39
991,40-44,No,No,Male,3090,37
992,20-24,No,No,Male,3175,39
993,35-39,Yes,No,Male,3969,39
994,45-49,No,No,Male,3799,39
995,25-29,No,No,Female,4479,40
996,20-24,Yes,No,Female,3232,39
997,35-39,No,No,Male,3600,38
998,15-19,No,No,Female,2552,39
999,20-24,No,No,Male,3742,40
1000,25-29,No,No,Female,4905,38
1001,25-29,No,No,Female,3289,41
1002,30-34,No,No,Male,3771,39
1003,30-34,No,No,Female,4423,40
1004,25-29,No,No,Male,4253,38
1005,35-39,No,No,Male,3799,39
1006,20-24,No,No,Male,2835,39
1007,15-19,No,No,Male,3260,38
1008,20-24,No,No,Female,2637,41
1009,20-24,No,No,Female,3005,39
